employee_id,employee_name,client_id,client_name,project_id,report_date,hours_worked,department_name,cost_eur,is_productive
103,Employee_103,147,Client_147,98.0,2024-09-18,1.0,Organic Social,80.0,True
109,Employee_109,121,Client_121,72.0,2024-09-18,0.25,Organic Social,20.0,True
109,Employee_109,121,Client_121,72.0,2024-09-18,0.5,Organic Social,40.0,True
109,Employee_109,121,Client_121,72.0,2024-09-18,0.75,Organic Social,60.0,True
109,Employee_109,121,Client_121,72.0,2024-09-18,0.25,Organic Social,20.0,True
117,Employee_117,184,Client_184,135.0,2024-09-18,8.0,Paid Content,600.0,True
118,Employee_118,184,Client_184,,2024-09-18,8.0,Paid Content,600.0,True
133,Employee_133,4,Client_4,4.0,2024-09-18,0.24,Organic Social,19.2,True
133,Employee_133,77,Client_77,162.0,2024-09-18,1.46,Organic Social,116.8,True
157,Employee_157,4,Client_4,4.0,2024-09-18,0.5,Organic Social,40.0,True
157,Employee_157,4,Client_4,4.0,2024-09-18,1.5,Organic Social,120.0,True
157,Employee_157,4,Client_4,4.0,2024-09-18,1.0,Organic Social,80.0,True
157,Employee_157,4,Client_4,4.0,2024-09-18,0.67,Organic Social,53.6,True
158,Employee_158,57,Client_57,142.0,2024-09-18,1.25,Organic Social,100.0,True
158,Employee_158,147,Client_147,98.0,2024-09-18,0.81,Organic Social,64.80000000000001,True
160,Employee_160,16,Client_16,16.0,2024-09-18,0.5,Paid Content,37.5,True
160,Employee_160,16,Client_16,16.0,2024-09-18,0.25,Paid Content,18.75,True
160,Employee_160,16,Client_16,16.0,2024-09-18,0.25,Paid Content,18.75,True
160,Employee_160,26,Client_26,26.0,2024-09-18,1.75,Paid Content,131.25,True
160,Employee_160,184,Client_184,135.0,2024-09-18,0.25,Paid Content,18.75,True
160,Employee_160,184,Client_184,135.0,2024-09-18,1.25,Paid Content,93.75,True
170,Employee_170,25,Client_25,25.0,2024-09-18,4.5,Paid Content,337.5,True
171,Employee_171,38,Client_38,38.0,2024-09-18,0.25,Paid Media,21.25,True
171,Employee_171,38,Client_38,38.0,2024-09-18,0.25,Paid Media,21.25,True
171,Employee_171,38,Client_38,38.0,2024-09-18,0.42,Paid Media,35.699999999999996,True
175,Employee_175,77,Client_77,,2024-09-18,0.5,Organic Social,40.0,True
175,Employee_175,77,Client_77,162.0,2024-09-18,0.75,Organic Social,60.0,True
175,Employee_175,77,Client_77,,2024-09-18,0.75,Organic Social,60.0,True
175,Employee_175,77,Client_77,162.0,2024-09-18,0.5,Organic Social,40.0,True
175,Employee_175,125,Client_125,76.0,2024-09-18,0.75,Organic Social,60.0,True
181,Employee_181,4,Client_4,,2024-09-18,1.0,Organic Social,80.0,True
181,Employee_181,4,Client_4,4.0,2024-09-18,7.0,Organic Social,560.0,True
182,Employee_182,4,Client_4,,2024-09-18,1.0,Organic Social,80.0,True
182,Employee_182,4,Client_4,4.0,2024-09-18,7.0,Organic Social,560.0,True
186,Employee_186,147,Client_147,98.0,2024-09-18,0.5,Organic Social,40.0,True
19,Employee_19,24,Client_24,24.0,2024-09-18,0.5,Paid Media,42.5,True
19,Employee_19,24,Client_24,24.0,2024-09-18,0.75,Paid Media,63.75,True
19,Employee_19,24,Client_24,24.0,2024-09-18,0.75,Paid Media,63.75,True
19,Employee_19,73,Client_73,158.0,2024-09-18,1.25,Paid Media,106.25,True
19,Employee_19,142,Client_142,93.0,2024-09-18,0.25,Paid Media,21.25,True
19,Employee_19,32,Client_32,32.0,2024-09-18,0.25,Paid Media,21.25,True
191,Employee_191,154,Client_154,105.0,2024-09-18,8.0,Paid Content,600.0,True
196,Employee_196,175,Client_175,126.0,2024-09-18,0.75,Paid Media,63.75,True
199,Employee_199,4,Client_4,4.0,2024-09-18,0.17,Paid Content,12.750000000000002,True
199,Employee_199,57,Client_57,,2024-09-18,3.08,Paid Content,231.0,True
199,Employee_199,57,Client_57,142.0,2024-09-18,1.25,Paid Content,93.75,True
199,Employee_199,57,Client_57,,2024-09-18,0.17,Paid Content,12.750000000000002,True
207,Employee_207,154,Client_154,105.0,2024-09-18,0.75,Paid Media,63.75,True
208,Employee_208,24,Client_24,24.0,2024-09-18,1.83,Organic Social,146.4,True
208,Employee_208,24,Client_24,24.0,2024-09-18,0.25,Organic Social,20.0,True
208,Employee_208,24,Client_24,24.0,2024-09-18,0.75,Organic Social,60.0,True
208,Employee_208,24,Client_24,24.0,2024-09-18,0.67,Organic Social,53.6,True
208,Employee_208,24,Client_24,24.0,2024-09-18,0.42,Organic Social,33.6,True
208,Employee_208,24,Client_24,24.0,2024-09-18,0.33,Organic Social,26.4,True
208,Employee_208,24,Client_24,24.0,2024-09-18,0.33,Organic Social,26.4,True
21,Employee_21,147,Client_147,98.0,2024-09-18,0.5,Organic Social,40.0,True
21,Employee_21,147,Client_147,98.0,2024-09-18,3.0,Organic Social,240.0,True
210,Employee_210,147,Client_147,,2024-09-18,4.0,Organic Social,320.0,True
210,Employee_210,147,Client_147,98.0,2024-09-18,2.07,Organic Social,165.6,True
211,Employee_211,4,Client_4,4.0,2024-09-18,0.31,Paid Media,26.35,True
22,Employee_22,38,Client_38,38.0,2024-09-18,0.25,Paid Content,18.75,True
22,Employee_22,38,Client_38,38.0,2024-09-18,0.5,Paid Content,37.5,True
22,Employee_22,38,Client_38,38.0,2024-09-18,0.75,Paid Content,56.25,True
231,Employee_231,125,Client_125,76.0,2024-09-18,0.75,Organic Social,60.0,True
231,Employee_231,125,Client_125,76.0,2024-09-18,0.5,Organic Social,40.0,True
231,Employee_231,125,Client_125,76.0,2024-09-18,0.25,Organic Social,20.0,True
231,Employee_231,125,Client_125,76.0,2024-09-18,0.25,Organic Social,20.0,True
244,Employee_244,121,Client_121,,2024-09-18,0.33,Organic Social,26.4,True
244,Employee_244,121,Client_121,72.0,2024-09-18,0.33,Organic Social,26.4,True
244,Employee_244,121,Client_121,72.0,2024-09-18,1.0,Organic Social,80.0,True
249,Employee_249,57,Client_57,142.0,2024-09-18,0.42,Paid Content,31.5,True
26,Employee_26,57,Client_57,,2024-09-18,1.25,Paid Content,93.75,True
261,Employee_261,25,Client_25,25.0,2024-09-18,0.18,Paid Media,15.3,True
261,Employee_261,25,Client_25,,2024-09-18,1.61,Paid Media,136.85,True
261,Employee_261,25,Client_25,25.0,2024-09-18,0.28,Paid Media,23.8,True
261,Employee_261,25,Client_25,25.0,2024-09-18,0.79,Paid Media,67.15,True
261,Employee_261,25,Client_25,25.0,2024-09-18,1.25,Paid Media,106.25,True
262,Employee_262,57,Client_57,142.0,2024-09-18,2.0,Paid Content,150.0,True
263,Employee_263,57,Client_57,142.0,2024-09-18,2.0,Paid Content,150.0,True
273,Employee_273,4,Client_4,4.0,2024-09-18,1.25,Organic Social,100.0,True
273,Employee_273,4,Client_4,,2024-09-18,0.75,Organic Social,60.0,True
273,Employee_273,4,Client_4,,2024-09-18,0.25,Organic Social,20.0,True
29,Employee_29,26,Client_26,26.0,2024-09-18,1.5,Paid Media,127.5,True
29,Employee_29,57,Client_57,142.0,2024-09-18,1.5,Paid Media,127.5,True
29,Employee_29,57,Client_57,142.0,2024-09-18,0.5,Paid Media,42.5,True
29,Employee_29,87,Client_87,172.0,2024-09-18,0.5,Paid Media,42.5,True
297,Employee_297,24,Client_24,24.0,2024-09-18,2.5,Organic Social,200.0,True
307,Employee_307,57,Client_57,142.0,2024-09-18,1.0,Paid Media,85.0,True
307,Employee_307,57,Client_57,142.0,2024-09-18,3.0,Paid Media,255.0,True
308,Employee_308,57,Client_57,,2024-09-18,1.0,Paid Media,85.0,True
308,Employee_308,57,Client_57,142.0,2024-09-18,3.0,Paid Media,255.0,True
311,Employee_311,142,Client_142,93.0,2024-09-18,0.25,Organic Social,20.0,True
311,Employee_311,142,Client_142,93.0,2024-09-18,0.25,Organic Social,20.0,True
311,Employee_311,142,Client_142,93.0,2024-09-18,0.5,Organic Social,40.0,True
311,Employee_311,142,Client_142,,2024-09-18,0.17,Organic Social,13.6,True
311,Employee_311,153,Client_153,,2024-09-18,0.25,Organic Social,20.0,True
35,Employee_35,57,Client_57,142.0,2024-09-18,0.75,Paid Media,63.75,True
35,Employee_35,57,Client_57,142.0,2024-09-18,0.33,Paid Media,28.05,True
35,Employee_35,57,Client_57,142.0,2024-09-18,0.33,Paid Media,28.05,True
35,Employee_35,57,Client_57,,2024-09-18,1.17,Paid Media,99.45,True
35,Employee_35,57,Client_57,142.0,2024-09-18,1.17,Paid Media,99.45,True
35,Employee_35,57,Client_57,142.0,2024-09-18,0.17,Paid Media,14.45,True
35,Employee_35,57,Client_57,142.0,2024-09-18,0.28,Paid Media,23.8,True
41,Employee_41,179,Client_179,,2024-09-18,1.5,Paid Media,127.5,True
48,Employee_48,38,Client_38,,2024-09-18,0.42,Paid Content,31.5,True
53,Employee_53,4,Client_4,4.0,2024-09-18,1.5,Paid Content,112.5,True
53,Employee_53,130,Client_130,81.0,2024-09-18,1.25,Paid Content,93.75,True
53,Employee_53,130,Client_130,81.0,2024-09-18,0.75,Paid Content,56.25,True
58,Employee_58,38,Client_38,38.0,2024-09-18,0.5,Paid Media,42.5,True
59,Employee_59,38,Client_38,38.0,2024-09-18,0.5,Paid Media,42.5,True
71,Employee_71,27,Client_27,27.0,2024-09-18,0.75,Paid Media,63.75,True
72,Employee_72,77,Client_77,162.0,2024-09-18,4.25,Organic Social,340.0,True
72,Employee_72,147,Client_147,98.0,2024-09-18,1.0,Organic Social,80.0,True
95,Employee_95,24,Client_24,24.0,2024-09-18,4.25,Paid Content,318.75,True
95,Employee_95,24,Client_24,,2024-09-18,0.75,Paid Content,56.25,True
98,Employee_98,24,Client_24,24.0,2024-09-18,0.25,Paid Media,21.25,True
98,Employee_98,24,Client_24,24.0,2024-09-18,0.25,Paid Media,21.25,True
98,Employee_98,24,Client_24,24.0,2024-09-18,0.75,Paid Media,63.75,True
98,Employee_98,24,Client_24,24.0,2024-09-18,0.25,Paid Media,21.25,True
98,Employee_98,142,Client_142,93.0,2024-09-18,0.25,Paid Media,21.25,True
98,Employee_98,142,Client_142,93.0,2024-09-18,0.25,Paid Media,21.25,True
98,Employee_98,32,Client_32,32.0,2024-09-18,0.5,Paid Media,42.5,True
99,Employee_99,24,Client_24,24.0,2024-09-18,0.25,Paid Media,21.25,True
99,Employee_99,24,Client_24,24.0,2024-09-18,0.25,Paid Media,21.25,True
99,Employee_99,24,Client_24,24.0,2024-09-18,0.75,Paid Media,63.75,True
99,Employee_99,24,Client_24,24.0,2024-09-18,0.25,Paid Media,21.25,True
99,Employee_99,142,Client_142,93.0,2024-09-18,0.25,Paid Media,21.25,True
99,Employee_99,142,Client_142,,2024-09-18,0.25,Paid Media,21.25,True
99,Employee_99,32,Client_32,32.0,2024-09-18,0.5,Paid Media,42.5,True
110,Employee_110,4,Client_4,4.0,2024-09-17,0.5,Paid Media,42.5,True
110,Employee_110,4,Client_4,4.0,2024-09-17,0.5,Paid Media,42.5,True
117,Employee_117,39,Client_39,39.0,2024-09-17,3.0,Paid Content,225.0,True
117,Employee_117,184,Client_184,135.0,2024-09-17,2.0,Paid Content,150.0,True
118,Employee_118,39,Client_39,39.0,2024-09-17,3.0,Paid Content,225.0,True
118,Employee_118,184,Client_184,135.0,2024-09-17,2.0,Paid Content,150.0,True
129,Employee_129,87,Client_87,172.0,2024-09-17,0.5,Paid Content,37.5,True
129,Employee_129,87,Client_87,172.0,2024-09-17,1.5,Paid Content,112.5,True
129,Employee_129,87,Client_87,172.0,2024-09-17,0.25,Paid Content,18.75,True
130,Employee_130,87,Client_87,172.0,2024-09-17,0.5,Paid Content,37.5,True
130,Employee_130,87,Client_87,172.0,2024-09-17,1.5,Paid Content,112.5,True
130,Employee_130,87,Client_87,172.0,2024-09-17,0.25,Paid Content,18.75,True
133,Employee_133,4,Client_4,4.0,2024-09-17,1.65,Organic Social,132.0,True
151,Employee_151,77,Client_77,,2024-09-17,1.75,Organic Social,140.0,True
151,Employee_151,77,Client_77,162.0,2024-09-17,0.75,Organic Social,60.0,True
151,Employee_151,147,Client_147,98.0,2024-09-17,1.5,Organic Social,120.0,True
157,Employee_157,4,Client_4,4.0,2024-09-17,0.25,Paid Content,18.75,True
157,Employee_157,4,Client_4,,2024-09-17,0.33,Organic Social,26.4,True
157,Employee_157,4,Client_4,4.0,2024-09-17,0.75,Organic Social,60.0,True
158,Employee_158,147,Client_147,98.0,2024-09-17,4.93,Organic Social,394.4,True
160,Employee_160,16,Client_16,16.0,2024-09-17,0.5,Paid Content,37.5,True
160,Employee_160,16,Client_16,16.0,2024-09-17,0.5,Paid Content,37.5,True
160,Employee_160,16,Client_16,16.0,2024-09-17,0.5,Paid Content,37.5,True
160,Employee_160,26,Client_26,26.0,2024-09-17,1.5,Paid Content,112.5,True
160,Employee_160,26,Client_26,26.0,2024-09-17,0.25,Paid Content,18.75,True
160,Employee_160,184,Client_184,135.0,2024-09-17,0.25,Paid Content,18.75,True
160,Employee_160,184,Client_184,135.0,2024-09-17,0.25,Paid Content,18.75,True
167,Employee_167,91,Client_91,176.0,2024-09-17,0.5,Production,40.0,True
170,Employee_170,25,Client_25,25.0,2024-09-17,9.25,Paid Content,693.75,True
171,Employee_171,16,Client_16,16.0,2024-09-17,0.5,Paid Media,42.5,True
171,Employee_171,38,Client_38,,2024-09-17,0.5,Paid Media,42.5,True
171,Employee_171,38,Client_38,38.0,2024-09-17,1.25,Paid Media,106.25,True
173,Employee_173,142,Client_142,93.0,2024-09-17,1.25,Paid Content,93.75,True
173,Employee_173,142,Client_142,93.0,2024-09-17,0.62,Paid Content,46.5,True
175,Employee_175,77,Client_77,,2024-09-17,0.5,Organic Social,40.0,True
175,Employee_175,77,Client_77,162.0,2024-09-17,0.25,Organic Social,20.0,True
175,Employee_175,77,Client_77,162.0,2024-09-17,1.0,Organic Social,80.0,True
175,Employee_175,77,Client_77,,2024-09-17,0.5,Organic Social,40.0,True
175,Employee_175,125,Client_125,,2024-09-17,1.5,Organic Social,120.0,True
181,Employee_181,4,Client_4,4.0,2024-09-17,1.0,Organic Social,80.0,True
181,Employee_181,4,Client_4,4.0,2024-09-17,0.25,Organic Social,20.0,True
181,Employee_181,4,Client_4,4.0,2024-09-17,4.25,Organic Social,340.0,True
182,Employee_182,4,Client_4,4.0,2024-09-17,1.0,Organic Social,80.0,True
182,Employee_182,4,Client_4,4.0,2024-09-17,0.25,Organic Social,20.0,True
182,Employee_182,4,Client_4,4.0,2024-09-17,4.25,Organic Social,340.0,True
185,Employee_185,147,Client_147,98.0,2024-09-17,8.0,,640.0,True
186,Employee_186,147,Client_147,,2024-09-17,1.0,Organic Social,80.0,True
19,Employee_19,24,Client_24,24.0,2024-09-17,1.25,Paid Media,106.25,True
19,Employee_19,142,Client_142,93.0,2024-09-17,1.75,Paid Media,148.75,True
19,Employee_19,32,Client_32,32.0,2024-09-17,0.5,Paid Media,42.5,True
191,Employee_191,154,Client_154,105.0,2024-09-17,6.0,Paid Content,450.0,True
196,Employee_196,175,Client_175,126.0,2024-09-17,0.5,Paid Media,42.5,True
196,Employee_196,175,Client_175,126.0,2024-09-17,0.5,Paid Media,42.5,True
199,Employee_199,57,Client_57,142.0,2024-09-17,0.25,Paid Content,18.75,True
199,Employee_199,57,Client_57,142.0,2024-09-17,0.17,Paid Content,12.750000000000002,True
207,Employee_207,154,Client_154,105.0,2024-09-17,3.5,Paid Media,297.5,True
208,Employee_208,24,Client_24,24.0,2024-09-17,0.17,Organic Social,13.6,True
208,Employee_208,24,Client_24,24.0,2024-09-17,0.25,Organic Social,20.0,True
208,Employee_208,24,Client_24,24.0,2024-09-17,0.42,Organic Social,33.6,True
208,Employee_208,24,Client_24,24.0,2024-09-17,0.25,Organic Social,20.0,True
208,Employee_208,24,Client_24,24.0,2024-09-17,0.75,Organic Social,60.0,True
208,Employee_208,24,Client_24,24.0,2024-09-17,0.5,Organic Social,40.0,True
21,Employee_21,147,Client_147,98.0,2024-09-17,3.0,Organic Social,240.0,True
210,Employee_210,147,Client_147,98.0,2024-09-17,9.5,Organic Social,760.0,True
211,Employee_211,4,Client_4,4.0,2024-09-17,0.48,Paid Media,40.8,True
22,Employee_22,38,Client_38,38.0,2024-09-17,0.5,Paid Content,37.5,True
22,Employee_22,38,Client_38,38.0,2024-09-17,2.0,Paid Content,150.0,True
225,Employee_225,175,Client_175,,2024-09-17,0.5,Paid Content,37.5,True
231,Employee_231,125,Client_125,76.0,2024-09-17,0.75,Organic Social,60.0,True
231,Employee_231,125,Client_125,76.0,2024-09-17,0.75,Organic Social,60.0,True
231,Employee_231,125,Client_125,76.0,2024-09-17,0.25,Organic Social,20.0,True
231,Employee_231,125,Client_125,76.0,2024-09-17,0.25,Organic Social,20.0,True
231,Employee_231,125,Client_125,76.0,2024-09-17,1.25,Organic Social,100.0,True
231,Employee_231,125,Client_125,76.0,2024-09-17,0.5,Organic Social,40.0,True
231,Employee_231,125,Client_125,,2024-09-17,0.5,Organic Social,40.0,True
24,Employee_24,147,Client_147,98.0,2024-09-17,5.0,Paid Media,425.0,True
244,Employee_244,121,Client_121,72.0,2024-09-17,0.33,Organic Social,26.4,True
244,Employee_244,121,Client_121,72.0,2024-09-17,0.5,Organic Social,40.0,True
249,Employee_249,57,Client_57,142.0,2024-09-17,0.25,Paid Content,18.75,True
261,Employee_261,25,Client_25,25.0,2024-09-17,0.83,Paid Media,70.55,True
261,Employee_261,25,Client_25,25.0,2024-09-17,0.95,Paid Media,80.75,True
261,Employee_261,25,Client_25,25.0,2024-09-17,1.5,Paid Media,127.5,True
261,Employee_261,25,Client_25,25.0,2024-09-17,1.58,Paid Media,134.3,True
261,Employee_261,25,Client_25,25.0,2024-09-17,0.77,Paid Media,65.45,True
262,Employee_262,32,Client_32,32.0,2024-09-17,0.25,Paid Content,18.75,True
262,Employee_262,32,Client_32,,2024-09-17,0.5,Paid Content,37.5,True
262,Employee_262,32,Client_32,32.0,2024-09-17,2.0,Paid Content,150.0,True
262,Employee_262,175,Client_175,,2024-09-17,0.5,Paid Content,37.5,True
263,Employee_263,32,Client_32,,2024-09-17,0.25,Paid Content,18.75,True
263,Employee_263,32,Client_32,32.0,2024-09-17,0.5,Paid Content,37.5,True
263,Employee_263,32,Client_32,32.0,2024-09-17,2.0,Paid Content,150.0,True
263,Employee_263,175,Client_175,,2024-09-17,0.5,Paid Content,37.5,True
27,Employee_27,102,Client_102,53.0,2024-09-17,1.5,Paid Media,127.5,True
27,Employee_27,130,Client_130,81.0,2024-09-17,0.5,Paid Media,42.5,True
27,Employee_27,130,Client_130,,2024-09-17,0.5,Paid Media,42.5,True
27,Employee_27,130,Client_130,,2024-09-17,0.5,Paid Media,42.5,True
27,Employee_27,179,Client_179,,2024-09-17,0.5,Paid Media,42.5,True
27,Employee_27,179,Client_179,130.0,2024-09-17,0.75,Paid Media,63.75,True
273,Employee_273,4,Client_4,4.0,2024-09-17,3.5,Organic Social,280.0,True
273,Employee_273,4,Client_4,,2024-09-17,2.17,Organic Social,173.6,True
28,Employee_28,24,Client_24,24.0,2024-09-17,0.5,Paid Media,42.5,True
28,Employee_28,73,Client_73,158.0,2024-09-17,1.5,Paid Media,127.5,True
29,Employee_29,26,Client_26,26.0,2024-09-17,0.75,Paid Media,63.75,True
29,Employee_29,57,Client_57,142.0,2024-09-17,3.0,Paid Media,255.0,True
29,Employee_29,57,Client_57,,2024-09-17,1.25,Paid Media,106.25,True
29,Employee_29,87,Client_87,,2024-09-17,0.5,Paid Media,42.5,True
297,Employee_297,147,Client_147,98.0,2024-09-17,9.5,Organic Social,760.0,True
307,Employee_307,57,Client_57,142.0,2024-09-17,3.0,Paid Media,255.0,True
307,Employee_307,117,Client_117,68.0,2024-09-17,0.5,Paid Media,42.5,True
308,Employee_308,57,Client_57,,2024-09-17,3.0,Paid Media,255.0,True
308,Employee_308,117,Client_117,68.0,2024-09-17,0.5,Paid Media,42.5,True
311,Employee_311,142,Client_142,93.0,2024-09-17,0.42,Organic Social,33.6,True
311,Employee_311,142,Client_142,93.0,2024-09-17,0.25,Organic Social,20.0,True
311,Employee_311,142,Client_142,93.0,2024-09-17,0.5,Organic Social,40.0,True
311,Employee_311,142,Client_142,93.0,2024-09-17,0.75,Organic Social,60.0,True
311,Employee_311,142,Client_142,93.0,2024-09-17,0.25,Organic Social,20.0,True
311,Employee_311,142,Client_142,93.0,2024-09-17,0.33,Organic Social,26.4,True
311,Employee_311,153,Client_153,104.0,2024-09-17,0.17,Organic Social,13.6,True
35,Employee_35,57,Client_57,142.0,2024-09-17,0.17,Paid Media,14.45,True
35,Employee_35,57,Client_57,142.0,2024-09-17,0.5,Paid Media,42.5,True
35,Employee_35,57,Client_57,142.0,2024-09-17,0.5,Paid Media,42.5,True
41,Employee_41,130,Client_130,,2024-09-17,0.5,Paid Media,42.5,True
41,Employee_41,179,Client_179,130.0,2024-09-17,0.5,Paid Media,42.5,True
48,Employee_48,38,Client_38,,2024-09-17,0.08,Paid Content,6.0,True
53,Employee_53,4,Client_4,4.0,2024-09-17,1.08,Paid Content,81.0,True
53,Employee_53,130,Client_130,81.0,2024-09-17,0.5,Paid Content,37.5,True
53,Employee_53,130,Client_130,81.0,2024-09-17,1.0,Paid Content,75.0,True
53,Employee_53,130,Client_130,81.0,2024-09-17,0.75,Paid Content,56.25,True
53,Employee_53,130,Client_130,81.0,2024-09-17,0.5,Paid Content,37.5,True
58,Employee_58,16,Client_16,16.0,2024-09-17,0.17,Paid Media,14.45,True
58,Employee_58,16,Client_16,16.0,2024-09-17,0.58,Paid Media,49.3,True
58,Employee_58,16,Client_16,16.0,2024-09-17,0.75,Paid Media,63.75,True
58,Employee_58,16,Client_16,16.0,2024-09-17,1.0,Paid Media,85.0,True
58,Employee_58,38,Client_38,38.0,2024-09-17,0.5,Paid Media,42.5,True
59,Employee_59,16,Client_16,16.0,2024-09-17,0.17,Paid Media,14.45,True
59,Employee_59,16,Client_16,16.0,2024-09-17,0.58,Paid Media,49.3,True
59,Employee_59,16,Client_16,16.0,2024-09-17,0.75,Paid Media,63.75,True
59,Employee_59,16,Client_16,16.0,2024-09-17,1.0,Paid Media,85.0,True
59,Employee_59,38,Client_38,38.0,2024-09-17,0.5,Paid Media,42.5,True
71,Employee_71,27,Client_27,27.0,2024-09-17,0.75,Paid Media,63.75,True
71,Employee_71,147,Client_147,98.0,2024-09-17,1.0,Paid Media,85.0,True
72,Employee_72,77,Client_77,,2024-09-17,5.05,Organic Social,404.0,True
72,Employee_72,147,Client_147,,2024-09-17,0.5,Organic Social,40.0,True
79,Employee_79,16,Client_16,16.0,2024-09-17,1.25,Paid Content,93.75,True
79,Employee_79,27,Client_27,,2024-09-17,1.0,Paid Content,75.0,True
93,Employee_93,4,Client_4,,2024-09-17,1.0,Organic Social,80.0,True
93,Employee_93,125,Client_125,76.0,2024-09-17,2.0,Organic Social,160.0,True
95,Employee_95,24,Client_24,,2024-09-17,4.0,Paid Content,300.0,True
95,Employee_95,24,Client_24,24.0,2024-09-17,2.5,Paid Content,187.5,True
98,Employee_98,24,Client_24,24.0,2024-09-17,0.25,Paid Media,21.25,True
98,Employee_98,24,Client_24,24.0,2024-09-17,0.5,Paid Media,42.5,True
98,Employee_98,24,Client_24,24.0,2024-09-17,0.5,Paid Media,42.5,True
98,Employee_98,24,Client_24,,2024-09-17,0.5,Paid Media,42.5,True
98,Employee_98,142,Client_142,93.0,2024-09-17,0.5,Paid Media,42.5,True
98,Employee_98,142,Client_142,93.0,2024-09-17,0.5,Paid Media,42.5,True
98,Employee_98,32,Client_32,,2024-09-17,0.5,Paid Media,42.5,True
98,Employee_98,32,Client_32,32.0,2024-09-17,0.5,Paid Media,42.5,True
98,Employee_98,32,Client_32,32.0,2024-09-17,0.25,Paid Media,21.25,True
99,Employee_99,24,Client_24,24.0,2024-09-17,0.25,Paid Media,21.25,True
99,Employee_99,24,Client_24,24.0,2024-09-17,0.5,Paid Media,42.5,True
99,Employee_99,24,Client_24,24.0,2024-09-17,0.5,Paid Media,42.5,True
99,Employee_99,24,Client_24,24.0,2024-09-17,0.5,Paid Media,42.5,True
99,Employee_99,142,Client_142,93.0,2024-09-17,0.5,Paid Media,42.5,True
99,Employee_99,142,Client_142,93.0,2024-09-17,0.5,Paid Media,42.5,True
99,Employee_99,32,Client_32,32.0,2024-09-17,0.5,Paid Media,42.5,True
99,Employee_99,32,Client_32,32.0,2024-09-17,0.5,Paid Media,42.5,True
99,Employee_99,32,Client_32,32.0,2024-09-17,0.25,Paid Media,21.25,True
108,Employee_108,39,Client_39,,2024-09-16,1.0,Paid Content,75.0,True
108,Employee_108,39,Client_39,39.0,2024-09-16,1.0,Paid Content,75.0,True
109,Employee_109,121,Client_121,72.0,2024-09-16,0.58,Organic Social,46.4,True
110,Employee_110,4,Client_4,4.0,2024-09-16,0.75,Paid Media,63.75,True
129,Employee_129,87,Client_87,,2024-09-16,0.5,Paid Content,37.5,True
129,Employee_129,87,Client_87,172.0,2024-09-16,0.75,Paid Content,56.25,True
130,Employee_130,87,Client_87,172.0,2024-09-16,0.5,Paid Content,37.5,True
130,Employee_130,87,Client_87,172.0,2024-09-16,0.75,Paid Content,56.25,True
133,Employee_133,4,Client_4,4.0,2024-09-16,0.67,Organic Social,53.6,True
133,Employee_133,77,Client_77,162.0,2024-09-16,0.79,Organic Social,63.2,True
145,Employee_145,21,Client_21,21.0,2024-09-16,0.25,Paid Content,18.75,True
157,Employee_157,4,Client_4,4.0,2024-09-16,0.75,Organic Social,60.0,True
158,Employee_158,147,Client_147,98.0,2024-09-16,5.82,Organic Social,465.6,True
167,Employee_167,91,Client_91,176.0,2024-09-16,2.25,Production,180.0,True
17,Employee_17,147,Client_147,98.0,2024-09-16,1.0,Organic Social,80.0,True
171,Employee_171,16,Client_16,16.0,2024-09-16,1.83,Paid Media,155.55,True
171,Employee_171,38,Client_38,38.0,2024-09-16,0.25,Paid Media,21.25,True
171,Employee_171,147,Client_147,98.0,2024-09-16,0.25,Paid Media,21.25,True
171,Employee_171,147,Client_147,98.0,2024-09-16,1.0,Paid Media,85.0,True
175,Employee_175,77,Client_77,162.0,2024-09-16,1.0,Organic Social,80.0,True
175,Employee_175,77,Client_77,162.0,2024-09-16,0.5,Organic Social,40.0,True
175,Employee_175,77,Client_77,162.0,2024-09-16,1.0,Organic Social,80.0,True
175,Employee_175,77,Client_77,162.0,2024-09-16,0.5,Organic Social,40.0,True
175,Employee_175,77,Client_77,162.0,2024-09-16,0.5,Organic Social,40.0,True
175,Employee_175,77,Client_77,162.0,2024-09-16,0.5,Organic Social,40.0,True
175,Employee_175,125,Client_125,76.0,2024-09-16,0.5,Organic Social,40.0,True
175,Employee_175,153,Client_153,,2024-09-16,0.5,Organic Social,40.0,True
181,Employee_181,4,Client_4,,2024-09-16,0.75,Organic Social,60.0,True
181,Employee_181,4,Client_4,4.0,2024-09-16,1.75,Organic Social,140.0,True
181,Employee_181,4,Client_4,4.0,2024-09-16,3.75,Organic Social,300.0,True
181,Employee_181,4,Client_4,4.0,2024-09-16,1.25,Organic Social,100.0,True
182,Employee_182,4,Client_4,4.0,2024-09-16,0.75,Organic Social,60.0,True
182,Employee_182,4,Client_4,4.0,2024-09-16,1.75,Organic Social,140.0,True
182,Employee_182,4,Client_4,4.0,2024-09-16,3.75,Organic Social,300.0,True
182,Employee_182,4,Client_4,4.0,2024-09-16,1.25,Organic Social,100.0,True
185,Employee_185,147,Client_147,98.0,2024-09-16,8.0,,640.0,True
186,Employee_186,147,Client_147,,2024-09-16,1.0,Organic Social,80.0,True
19,Employee_19,24,Client_24,24.0,2024-09-16,0.25,Paid Media,21.25,True
19,Employee_19,24,Client_24,24.0,2024-09-16,1.25,Paid Media,106.25,True
19,Employee_19,142,Client_142,93.0,2024-09-16,0.25,Paid Media,21.25,True
19,Employee_19,32,Client_32,32.0,2024-09-16,0.75,Paid Media,63.75,True
191,Employee_191,184,Client_184,135.0,2024-09-16,2.0,Paid Content,150.0,True
196,Employee_196,175,Client_175,126.0,2024-09-16,1.5,Paid Media,127.5,True
196,Employee_196,175,Client_175,126.0,2024-09-16,0.5,Paid Media,42.5,True
199,Employee_199,57,Client_57,142.0,2024-09-16,0.17,Paid Content,12.750000000000002,True
199,Employee_199,57,Client_57,142.0,2024-09-16,0.42,Paid Content,31.5,True
199,Employee_199,57,Client_57,142.0,2024-09-16,0.25,Paid Content,18.75,True
199,Employee_199,57,Client_57,142.0,2024-09-16,0.75,Paid Content,56.25,True
208,Employee_208,24,Client_24,,2024-09-16,0.83,Organic Social,66.39999999999999,True
208,Employee_208,24,Client_24,24.0,2024-09-16,0.5,Organic Social,40.0,True
208,Employee_208,24,Client_24,24.0,2024-09-16,0.25,Organic Social,20.0,True
208,Employee_208,24,Client_24,24.0,2024-09-16,0.42,Organic Social,33.6,True
208,Employee_208,24,Client_24,,2024-09-16,0.58,Organic Social,46.4,True
21,Employee_21,147,Client_147,98.0,2024-09-16,4.25,Organic Social,340.0,True
210,Employee_210,147,Client_147,98.0,2024-09-16,10.5,Organic Social,840.0,True
211,Employee_211,4,Client_4,4.0,2024-09-16,1.25,Paid Media,106.25,True
22,Employee_22,38,Client_38,,2024-09-16,2.0,Paid Content,150.0,True
223,Employee_223,116,Client_116,67.0,2024-09-16,2.25,Paid Media,191.25,True
223,Employee_223,116,Client_116,67.0,2024-09-16,0.5,Paid Media,42.5,True
223,Employee_223,116,Client_116,67.0,2024-09-16,0.5,Paid Media,42.5,True
223,Employee_223,116,Client_116,67.0,2024-09-16,0.5,Paid Media,42.5,True
225,Employee_225,175,Client_175,126.0,2024-09-16,0.5,Paid Content,37.5,True
231,Employee_231,125,Client_125,76.0,2024-09-16,0.75,Organic Social,60.0,True
231,Employee_231,125,Client_125,76.0,2024-09-16,0.75,Organic Social,60.0,True
231,Employee_231,125,Client_125,76.0,2024-09-16,1.5,Organic Social,120.0,True
231,Employee_231,125,Client_125,76.0,2024-09-16,0.5,Organic Social,40.0,True
231,Employee_231,125,Client_125,76.0,2024-09-16,0.42,Organic Social,33.6,True
244,Employee_244,121,Client_121,,2024-09-16,0.25,Organic Social,20.0,True
251,Employee_251,102,Client_102,53.0,2024-09-16,0.25,Paid Media,21.25,True
258,Employee_258,4,Client_4,4.0,2024-09-16,1.75,Organic Social,140.0,True
258,Employee_258,77,Client_77,162.0,2024-09-16,1.5,Organic Social,120.0,True
26,Employee_26,4,Client_4,,2024-09-16,1.0,Paid Content,75.0,True
26,Employee_26,57,Client_57,142.0,2024-09-16,1.0,Paid Content,75.0,True
26,Employee_26,57,Client_57,142.0,2024-09-16,1.25,Paid Content,93.75,True
262,Employee_262,116,Client_116,,2024-09-16,4.0,Paid Content,300.0,True
262,Employee_262,147,Client_147,98.0,2024-09-16,1.0,Paid Content,75.0,True
262,Employee_262,175,Client_175,126.0,2024-09-16,0.5,Paid Content,37.5,True
262,Employee_262,175,Client_175,,2024-09-16,0.5,Paid Content,37.5,True
263,Employee_263,116,Client_116,67.0,2024-09-16,4.0,Paid Content,300.0,True
263,Employee_263,147,Client_147,98.0,2024-09-16,1.0,Paid Content,75.0,True
263,Employee_263,175,Client_175,126.0,2024-09-16,0.5,Paid Content,37.5,True
263,Employee_263,175,Client_175,126.0,2024-09-16,0.5,Paid Content,37.5,True
27,Employee_27,102,Client_102,53.0,2024-09-16,0.75,Paid Media,63.75,True
27,Employee_27,102,Client_102,,2024-09-16,0.25,Paid Media,21.25,True
27,Employee_27,130,Client_130,81.0,2024-09-16,0.75,Paid Media,63.75,True
27,Employee_27,130,Client_130,81.0,2024-09-16,1.0,Paid Media,85.0,True
27,Employee_27,179,Client_179,130.0,2024-09-16,1.5,Paid Media,127.5,True
273,Employee_273,4,Client_4,4.0,2024-09-16,2.25,Organic Social,180.0,True
273,Employee_273,4,Client_4,4.0,2024-09-16,0.75,Organic Social,60.0,True
29,Employee_29,57,Client_57,142.0,2024-09-16,1.25,Paid Media,106.25,True
29,Employee_29,57,Client_57,142.0,2024-09-16,1.0,Paid Media,85.0,True
29,Employee_29,87,Client_87,,2024-09-16,0.75,Paid Media,63.75,True
29,Employee_29,87,Client_87,,2024-09-16,0.75,Paid Media,63.75,True
297,Employee_297,147,Client_147,,2024-09-16,10.5,Organic Social,840.0,True
307,Employee_307,57,Client_57,142.0,2024-09-16,1.25,Paid Media,106.25,True
307,Employee_307,57,Client_57,142.0,2024-09-16,1.5,Paid Media,127.5,True
307,Employee_307,87,Client_87,172.0,2024-09-16,0.75,Paid Media,63.75,True
308,Employee_308,57,Client_57,142.0,2024-09-16,1.25,Paid Media,106.25,True
308,Employee_308,57,Client_57,142.0,2024-09-16,1.5,Paid Media,127.5,True
308,Employee_308,87,Client_87,172.0,2024-09-16,0.75,Paid Media,63.75,True
311,Employee_311,142,Client_142,93.0,2024-09-16,1.0,Organic Social,80.0,True
311,Employee_311,142,Client_142,93.0,2024-09-16,1.0,Organic Social,80.0,True
311,Employee_311,142,Client_142,93.0,2024-09-16,0.25,Organic Social,20.0,True
311,Employee_311,142,Client_142,93.0,2024-09-16,0.25,Organic Social,20.0,True
311,Employee_311,153,Client_153,104.0,2024-09-16,0.25,Organic Social,20.0,True
311,Employee_311,153,Client_153,104.0,2024-09-16,0.25,Organic Social,20.0,True
35,Employee_35,57,Client_57,142.0,2024-09-16,0.25,Paid Media,21.25,True
35,Employee_35,57,Client_57,142.0,2024-09-16,0.5,Paid Media,42.5,True
35,Employee_35,57,Client_57,142.0,2024-09-16,1.33,Paid Media,113.05,True
41,Employee_41,130,Client_130,,2024-09-16,0.5,Paid Media,42.5,True
46,Employee_46,130,Client_130,81.0,2024-09-16,0.5,Paid Content,37.5,True
53,Employee_53,4,Client_4,4.0,2024-09-16,5.5,Paid Content,412.5,True
53,Employee_53,130,Client_130,81.0,2024-09-16,0.5,Paid Content,37.5,True
58,Employee_58,16,Client_16,16.0,2024-09-16,0.25,Paid Media,21.25,True
58,Employee_58,16,Client_16,,2024-09-16,0.5,Paid Media,42.5,True
58,Employee_58,16,Client_16,16.0,2024-09-16,0.5,Paid Media,42.5,True
58,Employee_58,147,Client_147,98.0,2024-09-16,0.5,Paid Media,42.5,True
58,Employee_58,147,Client_147,98.0,2024-09-16,0.25,Paid Media,21.25,True
59,Employee_59,16,Client_16,16.0,2024-09-16,0.25,Paid Media,21.25,True
59,Employee_59,16,Client_16,16.0,2024-09-16,0.5,Paid Media,42.5,True
59,Employee_59,16,Client_16,16.0,2024-09-16,0.5,Paid Media,42.5,True
59,Employee_59,147,Client_147,98.0,2024-09-16,0.5,Paid Media,42.5,True
59,Employee_59,147,Client_147,98.0,2024-09-16,0.25,Paid Media,21.25,True
71,Employee_71,27,Client_27,27.0,2024-09-16,1.25,Paid Media,106.25,True
71,Employee_71,147,Client_147,98.0,2024-09-16,1.5,Paid Media,127.5,True
72,Employee_72,77,Client_77,162.0,2024-09-16,5.83,Organic Social,466.4,True
72,Employee_72,147,Client_147,98.0,2024-09-16,0.75,Organic Social,60.0,True
72,Employee_72,147,Client_147,98.0,2024-09-16,1.0,Organic Social,80.0,True
79,Employee_79,16,Client_16,16.0,2024-09-16,4.0,Paid Content,300.0,True
91,Employee_91,116,Client_116,67.0,2024-09-16,1.0,Paid Media,85.0,True
93,Employee_93,4,Client_4,4.0,2024-09-16,3.75,Organic Social,300.0,True
93,Employee_93,4,Client_4,4.0,2024-09-16,1.0,Organic Social,80.0,True
93,Employee_93,125,Client_125,76.0,2024-09-16,0.33,Organic Social,26.4,True
98,Employee_98,24,Client_24,,2024-09-16,0.25,Paid Media,21.25,True
98,Employee_98,24,Client_24,24.0,2024-09-16,0.25,Paid Media,21.25,True
98,Employee_98,142,Client_142,93.0,2024-09-16,1.0,Paid Media,85.0,True
98,Employee_98,142,Client_142,,2024-09-16,0.25,Paid Media,21.25,True
98,Employee_98,32,Client_32,32.0,2024-09-16,0.5,Paid Media,42.5,True
98,Employee_98,32,Client_32,32.0,2024-09-16,0.5,Paid Media,42.5,True
98,Employee_98,32,Client_32,32.0,2024-09-16,0.25,Paid Media,21.25,True
99,Employee_99,24,Client_24,24.0,2024-09-16,0.25,Paid Media,21.25,True
99,Employee_99,24,Client_24,24.0,2024-09-16,0.25,Paid Media,21.25,True
99,Employee_99,142,Client_142,93.0,2024-09-16,1.0,Paid Media,85.0,True
99,Employee_99,142,Client_142,93.0,2024-09-16,0.25,Paid Media,21.25,True
99,Employee_99,32,Client_32,32.0,2024-09-16,0.5,Paid Media,42.5,True
99,Employee_99,32,Client_32,32.0,2024-09-16,0.5,Paid Media,42.5,True
99,Employee_99,32,Client_32,32.0,2024-09-16,0.25,Paid Media,21.25,True
108,Employee_108,39,Client_39,39.0,2024-09-15,1.0,Paid Content,75.0,True
108,Employee_108,102,Client_102,53.0,2024-09-15,0.5,Paid Content,37.5,True
108,Employee_108,102,Client_102,53.0,2024-09-15,0.75,Paid Content,56.25,True
117,Employee_117,39,Client_39,39.0,2024-09-15,2.0,Paid Content,150.0,True
117,Employee_117,39,Client_39,39.0,2024-09-15,1.5,Paid Content,112.5,True
118,Employee_118,39,Client_39,39.0,2024-09-15,2.0,Paid Content,150.0,True
118,Employee_118,39,Client_39,39.0,2024-09-15,1.5,Paid Content,112.5,True
129,Employee_129,87,Client_87,172.0,2024-09-15,0.25,Paid Content,18.75,True
129,Employee_129,87,Client_87,172.0,2024-09-15,0.5,Paid Content,37.5,True
130,Employee_130,87,Client_87,172.0,2024-09-15,0.25,Paid Content,18.75,True
130,Employee_130,87,Client_87,172.0,2024-09-15,0.5,Paid Content,37.5,True
133,Employee_133,4,Client_4,4.0,2024-09-15,0.72,Organic Social,57.599999999999994,True
151,Employee_151,77,Client_77,162.0,2024-09-15,1.0,Organic Social,80.0,True
151,Employee_151,77,Client_77,162.0,2024-09-15,0.5,Organic Social,40.0,True
151,Employee_151,77,Client_77,162.0,2024-09-15,0.5,Organic Social,40.0,True
151,Employee_151,147,Client_147,98.0,2024-09-15,1.25,Organic Social,100.0,True
157,Employee_157,4,Client_4,,2024-09-15,0.75,Organic Social,60.0,True
157,Employee_157,4,Client_4,4.0,2024-09-15,0.5,Organic Social,40.0,True
158,Employee_158,57,Client_57,142.0,2024-09-15,0.5,Organic Social,40.0,True
158,Employee_158,147,Client_147,98.0,2024-09-15,5.58,Organic Social,446.4,True
160,Employee_160,16,Client_16,16.0,2024-09-15,0.25,Paid Content,18.75,True
160,Employee_160,184,Client_184,,2024-09-15,0.5,Paid Content,37.5,True
160,Employee_160,184,Client_184,135.0,2024-09-15,0.75,Paid Content,56.25,True
160,Employee_160,184,Client_184,135.0,2024-09-15,1.0,Paid Content,75.0,True
17,Employee_17,147,Client_147,98.0,2024-09-15,1.25,Organic Social,100.0,True
171,Employee_171,38,Client_38,38.0,2024-09-15,1.42,Paid Media,120.7,True
171,Employee_171,38,Client_38,,2024-09-15,0.42,Paid Media,35.699999999999996,True
171,Employee_171,147,Client_147,,2024-09-15,3.75,Paid Media,318.75,True
175,Employee_175,77,Client_77,162.0,2024-09-15,0.5,Organic Social,40.0,True
175,Employee_175,77,Client_77,162.0,2024-09-15,1.0,Organic Social,80.0,True
175,Employee_175,77,Client_77,,2024-09-15,0.5,Organic Social,40.0,True
175,Employee_175,77,Client_77,162.0,2024-09-15,0.5,Organic Social,40.0,True
175,Employee_175,125,Client_125,76.0,2024-09-15,1.5,Organic Social,120.0,True
186,Employee_186,147,Client_147,98.0,2024-09-15,0.5,,40.0,True
19,Employee_19,142,Client_142,93.0,2024-09-15,1.0,Paid Media,85.0,True
19,Employee_19,32,Client_32,32.0,2024-09-15,1.5,Paid Media,127.5,True
19,Employee_19,32,Client_32,32.0,2024-09-15,1.0,Paid Media,85.0,True
191,Employee_191,116,Client_116,67.0,2024-09-15,4.5,Paid Content,337.5,True
191,Employee_191,184,Client_184,135.0,2024-09-15,3.75,Paid Content,281.25,True
208,Employee_208,24,Client_24,24.0,2024-09-15,0.42,Organic Social,33.6,True
208,Employee_208,24,Client_24,24.0,2024-09-15,0.25,Organic Social,20.0,True
208,Employee_208,24,Client_24,24.0,2024-09-15,2.17,Organic Social,173.6,True
208,Employee_208,24,Client_24,24.0,2024-09-15,0.33,Organic Social,26.4,True
209,Employee_209,178,Client_178,129.0,2024-09-15,2.0,Paid Content,150.0,True
209,Employee_209,184,Client_184,135.0,2024-09-15,2.0,Paid Content,150.0,True
21,Employee_21,147,Client_147,98.0,2024-09-15,4.0,Organic Social,320.0,True
210,Employee_210,147,Client_147,98.0,2024-09-15,0.5,Organic Social,40.0,True
210,Employee_210,147,Client_147,98.0,2024-09-15,3.0,Organic Social,240.0,True
22,Employee_22,38,Client_38,38.0,2024-09-15,0.5,Paid Content,37.5,True
223,Employee_223,116,Client_116,67.0,2024-09-15,1.0,Paid Media,85.0,True
223,Employee_223,116,Client_116,67.0,2024-09-15,0.75,Paid Media,63.75,True
225,Employee_225,175,Client_175,126.0,2024-09-15,1.5,Paid Content,112.5,True
231,Employee_231,125,Client_125,76.0,2024-09-15,0.25,Organic Social,20.0,True
231,Employee_231,125,Client_125,76.0,2024-09-15,0.5,Organic Social,40.0,True
231,Employee_231,125,Client_125,76.0,2024-09-15,0.25,Organic Social,20.0,True
231,Employee_231,125,Client_125,76.0,2024-09-15,1.5,Organic Social,120.0,True
231,Employee_231,125,Client_125,76.0,2024-09-15,0.5,Organic Social,40.0,True
231,Employee_231,125,Client_125,76.0,2024-09-15,1.75,Organic Social,140.0,True
244,Employee_244,121,Client_121,72.0,2024-09-15,0.33,Organic Social,26.4,True
249,Employee_249,57,Client_57,142.0,2024-09-15,0.83,Paid Content,62.25,True
258,Employee_258,4,Client_4,4.0,2024-09-15,1.0,Organic Social,80.0,True
258,Employee_258,77,Client_77,162.0,2024-09-15,0.75,Organic Social,60.0,True
258,Employee_258,116,Client_116,67.0,2024-09-15,1.25,Organic Social,100.0,True
261,Employee_261,25,Client_25,25.0,2024-09-15,0.74,Paid Media,62.9,True
261,Employee_261,25,Client_25,25.0,2024-09-15,1.0,Paid Media,85.0,True
261,Employee_261,25,Client_25,25.0,2024-09-15,0.28,Paid Media,23.8,True
261,Employee_261,25,Client_25,25.0,2024-09-15,0.25,Paid Media,21.25,True
261,Employee_261,25,Client_25,25.0,2024-09-15,0.26,Paid Media,22.1,True
261,Employee_261,25,Client_25,,2024-09-15,1.24,Paid Media,105.4,True
262,Employee_262,32,Client_32,32.0,2024-09-15,0.5,Paid Content,37.5,True
262,Employee_262,147,Client_147,98.0,2024-09-15,1.25,Paid Content,93.75,True
262,Employee_262,175,Client_175,126.0,2024-09-15,1.0,Paid Content,75.0,True
263,Employee_263,32,Client_32,32.0,2024-09-15,0.5,Paid Content,37.5,True
263,Employee_263,147,Client_147,98.0,2024-09-15,1.25,Paid Content,93.75,True
263,Employee_263,175,Client_175,,2024-09-15,1.0,Paid Content,75.0,True
27,Employee_27,102,Client_102,53.0,2024-09-15,1.0,Paid Media,85.0,True
27,Employee_27,102,Client_102,53.0,2024-09-15,0.5,Paid Media,42.5,True
27,Employee_27,130,Client_130,81.0,2024-09-15,2.0,Paid Media,170.0,True
27,Employee_27,130,Client_130,81.0,2024-09-15,0.25,Paid Media,21.25,True
27,Employee_27,179,Client_179,130.0,2024-09-15,0.25,Paid Media,21.25,True
27,Employee_27,179,Client_179,130.0,2024-09-15,0.75,Paid Media,63.75,True
273,Employee_273,4,Client_4,4.0,2024-09-15,1.5,Organic Social,120.0,True
273,Employee_273,4,Client_4,4.0,2024-09-15,0.75,Organic Social,60.0,True
29,Employee_29,26,Client_26,26.0,2024-09-15,1.0,Paid Media,85.0,True
29,Employee_29,57,Client_57,142.0,2024-09-15,0.5,Paid Media,42.5,True
29,Employee_29,87,Client_87,172.0,2024-09-15,1.0,Paid Media,85.0,True
29,Employee_29,87,Client_87,172.0,2024-09-15,1.0,Paid Media,85.0,True
299,Employee_299,87,Client_87,172.0,2024-09-15,0.5,Paid Content,37.5,True
299,Employee_299,87,Client_87,172.0,2024-09-15,0.5,Paid Content,37.5,True
307,Employee_307,57,Client_57,142.0,2024-09-15,1.5,Paid Media,127.5,True
307,Employee_307,117,Client_117,68.0,2024-09-15,0.5,Paid Media,42.5,True
308,Employee_308,57,Client_57,142.0,2024-09-15,1.5,Paid Media,127.5,True
308,Employee_308,117,Client_117,68.0,2024-09-15,0.5,Paid Media,42.5,True
311,Employee_311,142,Client_142,93.0,2024-09-15,0.75,Organic Social,60.0,True
311,Employee_311,142,Client_142,93.0,2024-09-15,0.67,Organic Social,53.6,True
311,Employee_311,153,Client_153,104.0,2024-09-15,0.58,Organic Social,46.4,True
46,Employee_46,130,Client_130,81.0,2024-09-15,0.25,Paid Content,18.75,True
53,Employee_53,4,Client_4,4.0,2024-09-15,4.25,Paid Content,318.75,True
53,Employee_53,130,Client_130,81.0,2024-09-15,0.25,Paid Content,18.75,True
53,Employee_53,130,Client_130,81.0,2024-09-15,0.25,Paid Content,18.75,True
58,Employee_58,16,Client_16,16.0,2024-09-15,0.25,Paid Media,21.25,True
58,Employee_58,16,Client_16,16.0,2024-09-15,0.5,Paid Media,42.5,True
58,Employee_58,38,Client_38,38.0,2024-09-15,0.5,Paid Media,42.5,True
58,Employee_58,147,Client_147,,2024-09-15,0.5,Paid Media,42.5,True
59,Employee_59,16,Client_16,16.0,2024-09-15,0.25,Paid Media,21.25,True
59,Employee_59,16,Client_16,16.0,2024-09-15,0.5,Paid Media,42.5,True
59,Employee_59,38,Client_38,,2024-09-15,0.5,Paid Media,42.5,True
59,Employee_59,147,Client_147,98.0,2024-09-15,0.5,Paid Media,42.5,True
71,Employee_71,27,Client_27,,2024-09-15,0.5,Paid Media,42.5,True
71,Employee_71,134,Client_134,85.0,2024-09-15,1.5,Paid Media,127.5,True
71,Employee_71,147,Client_147,98.0,2024-09-15,0.75,Paid Media,63.75,True
72,Employee_72,147,Client_147,98.0,2024-09-15,2.25,Organic Social,180.0,True
72,Employee_72,147,Client_147,98.0,2024-09-15,1.0,Organic Social,80.0,True
72,Employee_72,147,Client_147,98.0,2024-09-15,0.5,Organic Social,40.0,True
79,Employee_79,27,Client_27,27.0,2024-09-15,3.0,Paid Content,225.0,True
95,Employee_95,24,Client_24,,2024-09-15,5.0,Paid Content,375.0,True
98,Employee_98,24,Client_24,24.0,2024-09-15,0.17,Paid Media,14.45,True
98,Employee_98,142,Client_142,93.0,2024-09-15,0.42,Paid Media,35.699999999999996,True
98,Employee_98,32,Client_32,32.0,2024-09-15,0.75,Paid Media,63.75,True
98,Employee_98,32,Client_32,32.0,2024-09-15,0.5,Paid Media,42.5,True
98,Employee_98,32,Client_32,32.0,2024-09-15,0.75,Paid Media,63.75,True
98,Employee_98,32,Client_32,32.0,2024-09-15,0.5,Paid Media,42.5,True
99,Employee_99,24,Client_24,,2024-09-15,0.17,Paid Media,14.45,True
99,Employee_99,142,Client_142,93.0,2024-09-15,0.42,Paid Media,35.699999999999996,True
99,Employee_99,32,Client_32,32.0,2024-09-15,0.75,Paid Media,63.75,True
99,Employee_99,32,Client_32,32.0,2024-09-15,0.5,Paid Media,42.5,True
99,Employee_99,32,Client_32,32.0,2024-09-15,0.75,Paid Media,63.75,True
99,Employee_99,32,Client_32,,2024-09-15,0.5,Paid Media,42.5,True
231,Employee_231,125,Client_125,76.0,2024-09-14,2.75,Organic Social,220.0,True
108,Employee_108,27,Client_27,27.0,2024-09-12,0.5,Paid Content,37.5,True
108,Employee_108,39,Client_39,39.0,2024-09-12,1.0,Paid Content,75.0,True
108,Employee_108,102,Client_102,,2024-09-12,1.0,Paid Content,75.0,True
109,Employee_109,121,Client_121,72.0,2024-09-12,0.5,Organic Social,40.0,True
110,Employee_110,4,Client_4,4.0,2024-09-12,0.5,Paid Media,42.5,True
133,Employee_133,4,Client_4,4.0,2024-09-12,4.96,Organic Social,396.8,True
151,Employee_151,77,Client_77,162.0,2024-09-12,0.5,Organic Social,40.0,True
151,Employee_151,77,Client_77,162.0,2024-09-12,1.5,Organic Social,120.0,True
151,Employee_151,147,Client_147,,2024-09-12,1.0,Organic Social,80.0,True
157,Employee_157,4,Client_4,4.0,2024-09-12,0.5,Organic Social,40.0,True
157,Employee_157,4,Client_4,4.0,2024-09-12,0.25,Organic Social,20.0,True
157,Employee_157,4,Client_4,4.0,2024-09-12,0.25,Organic Social,20.0,True
157,Employee_157,4,Client_4,4.0,2024-09-12,0.58,Organic Social,46.4,True
158,Employee_158,147,Client_147,98.0,2024-09-12,7.35,Organic Social,588.0,True
160,Employee_160,16,Client_16,16.0,2024-09-12,0.5,Paid Content,37.5,True
160,Employee_160,16,Client_16,16.0,2024-09-12,0.25,Paid Content,18.75,True
160,Employee_160,26,Client_26,26.0,2024-09-12,0.25,Paid Content,18.75,True
160,Employee_160,26,Client_26,26.0,2024-09-12,0.5,Paid Content,37.5,True
160,Employee_160,26,Client_26,26.0,2024-09-12,0.5,Paid Content,37.5,True
160,Employee_160,184,Client_184,,2024-09-12,1.25,Paid Content,93.75,True
160,Employee_160,184,Client_184,135.0,2024-09-12,1.0,Paid Content,75.0,True
160,Employee_160,184,Client_184,135.0,2024-09-12,0.5,Paid Content,37.5,True
160,Employee_160,184,Client_184,135.0,2024-09-12,0.75,Paid Content,56.25,True
17,Employee_17,147,Client_147,98.0,2024-09-12,1.5,Organic Social,120.0,True
171,Employee_171,16,Client_16,16.0,2024-09-12,0.5,Paid Media,42.5,True
171,Employee_171,38,Client_38,38.0,2024-09-12,0.17,Paid Media,14.45,True
171,Employee_171,38,Client_38,38.0,2024-09-12,0.25,Paid Media,21.25,True
175,Employee_175,77,Client_77,162.0,2024-09-12,0.25,Organic Social,20.0,True
175,Employee_175,77,Client_77,162.0,2024-09-12,0.5,Organic Social,40.0,True
175,Employee_175,77,Client_77,162.0,2024-09-12,0.5,Organic Social,40.0,True
175,Employee_175,77,Client_77,162.0,2024-09-12,0.5,Organic Social,40.0,True
175,Employee_175,125,Client_125,,2024-09-12,1.0,Organic Social,80.0,True
175,Employee_175,153,Client_153,,2024-09-12,0.5,Organic Social,40.0,True
175,Employee_175,153,Client_153,104.0,2024-09-12,0.25,Organic Social,20.0,True
181,Employee_181,4,Client_4,4.0,2024-09-12,0.75,Organic Social,60.0,True
181,Employee_181,4,Client_4,4.0,2024-09-12,2.0,Organic Social,160.0,True
182,Employee_182,4,Client_4,4.0,2024-09-12,0.75,Organic Social,60.0,True
182,Employee_182,4,Client_4,4.0,2024-09-12,2.0,Organic Social,160.0,True
186,Employee_186,147,Client_147,98.0,2024-09-12,2.5,Organic Social,200.0,True
191,Employee_191,116,Client_116,67.0,2024-09-12,0.5,Paid Content,37.5,True
191,Employee_191,184,Client_184,135.0,2024-09-12,4.5,Paid Content,337.5,True
208,Employee_208,4,Client_4,4.0,2024-09-12,1.0,Organic Social,80.0,True
208,Employee_208,24,Client_24,24.0,2024-09-12,1.0,Organic Social,80.0,True
208,Employee_208,24,Client_24,24.0,2024-09-12,0.17,Organic Social,13.6,True
208,Employee_208,24,Client_24,,2024-09-12,0.33,Organic Social,26.4,True
209,Employee_209,184,Client_184,135.0,2024-09-12,4.0,Paid Content,300.0,True
210,Employee_210,147,Client_147,,2024-09-12,1.0,Organic Social,80.0,True
210,Employee_210,147,Client_147,98.0,2024-09-12,4.25,Organic Social,340.0,True
22,Employee_22,38,Client_38,38.0,2024-09-12,1.0,Paid Content,75.0,True
225,Employee_225,175,Client_175,126.0,2024-09-12,0.5,Paid Content,37.5,True
231,Employee_231,125,Client_125,76.0,2024-09-12,0.5,Organic Social,40.0,True
231,Employee_231,125,Client_125,,2024-09-12,0.75,Organic Social,60.0,True
231,Employee_231,125,Client_125,76.0,2024-09-12,0.5,Organic Social,40.0,True
231,Employee_231,125,Client_125,76.0,2024-09-12,1.33,Organic Social,106.4,True
231,Employee_231,125,Client_125,76.0,2024-09-12,0.25,Organic Social,20.0,True
231,Employee_231,125,Client_125,76.0,2024-09-12,1.0,Organic Social,80.0,True
244,Employee_244,121,Client_121,72.0,2024-09-12,0.5,Organic Social,40.0,True
249,Employee_249,57,Client_57,142.0,2024-09-12,1.17,Paid Content,87.75,True
254,Employee_254,116,Client_116,67.0,2024-09-12,0.25,Paid Content,18.75,True
254,Employee_254,116,Client_116,67.0,2024-09-12,0.5,Paid Content,37.5,True
254,Employee_254,116,Client_116,67.0,2024-09-12,0.75,Paid Content,56.25,True
254,Employee_254,116,Client_116,,2024-09-12,0.25,Paid Content,18.75,True
254,Employee_254,154,Client_154,105.0,2024-09-12,1.25,Paid Content,93.75,True
254,Employee_254,184,Client_184,135.0,2024-09-12,0.5,Paid Content,37.5,True
258,Employee_258,116,Client_116,67.0,2024-09-12,1.25,Organic Social,100.0,True
258,Employee_258,116,Client_116,67.0,2024-09-12,2.25,Organic Social,180.0,True
26,Employee_26,4,Client_4,4.0,2024-09-12,1.5,Paid Content,112.5,True
261,Employee_261,25,Client_25,25.0,2024-09-12,0.75,Paid Media,63.75,True
261,Employee_261,25,Client_25,25.0,2024-09-12,0.25,Paid Media,21.25,True
261,Employee_261,25,Client_25,25.0,2024-09-12,0.62,Paid Media,52.7,True
262,Employee_262,175,Client_175,126.0,2024-09-12,1.5,Paid Content,112.5,True
262,Employee_262,175,Client_175,,2024-09-12,2.5,Paid Content,187.5,True
263,Employee_263,175,Client_175,126.0,2024-09-12,1.5,Paid Content,112.5,True
263,Employee_263,175,Client_175,126.0,2024-09-12,2.5,Paid Content,187.5,True
28,Employee_28,73,Client_73,158.0,2024-09-12,0.5,Paid Media,42.5,True
29,Employee_29,26,Client_26,26.0,2024-09-12,1.0,Paid Media,85.0,True
29,Employee_29,57,Client_57,142.0,2024-09-12,1.75,Paid Media,148.75,True
29,Employee_29,87,Client_87,172.0,2024-09-12,1.0,Paid Media,85.0,True
307,Employee_307,57,Client_57,,2024-09-12,1.75,Paid Media,148.75,True
307,Employee_307,117,Client_117,68.0,2024-09-12,0.5,Paid Media,42.5,True
308,Employee_308,57,Client_57,142.0,2024-09-12,1.75,Paid Media,148.75,True
308,Employee_308,117,Client_117,68.0,2024-09-12,0.5,Paid Media,42.5,True
311,Employee_311,142,Client_142,,2024-09-12,0.25,Organic Social,20.0,True
311,Employee_311,142,Client_142,,2024-09-12,0.58,Organic Social,46.4,True
311,Employee_311,142,Client_142,93.0,2024-09-12,0.75,Organic Social,60.0,True
311,Employee_311,142,Client_142,93.0,2024-09-12,0.75,Organic Social,60.0,True
311,Employee_311,153,Client_153,,2024-09-12,0.5,Organic Social,40.0,True
311,Employee_311,153,Client_153,104.0,2024-09-12,1.67,Organic Social,133.6,True
311,Employee_311,153,Client_153,104.0,2024-09-12,0.5,Organic Social,40.0,True
34,Employee_34,147,Client_147,98.0,2024-09-12,1.0,Organic Social,80.0,True
34,Employee_34,147,Client_147,98.0,2024-09-12,1.0,Organic Social,80.0,True
35,Employee_35,57,Client_57,,2024-09-12,0.5,Paid Media,42.5,True
35,Employee_35,57,Client_57,142.0,2024-09-12,0.32,Paid Media,27.2,True
35,Employee_35,57,Client_57,,2024-09-12,0.58,Paid Media,49.3,True
58,Employee_58,16,Client_16,16.0,2024-09-12,0.5,Paid Media,42.5,True
58,Employee_58,38,Client_38,38.0,2024-09-12,0.5,Paid Media,42.5,True
58,Employee_58,147,Client_147,98.0,2024-09-12,0.92,Paid Media,78.2,True
58,Employee_58,147,Client_147,98.0,2024-09-12,0.5,Paid Media,42.5,True
59,Employee_59,16,Client_16,16.0,2024-09-12,0.5,Paid Media,42.5,True
59,Employee_59,38,Client_38,,2024-09-12,0.5,Paid Media,42.5,True
59,Employee_59,147,Client_147,98.0,2024-09-12,0.92,Paid Media,78.2,True
59,Employee_59,147,Client_147,98.0,2024-09-12,0.5,Paid Media,42.5,True
71,Employee_71,134,Client_134,85.0,2024-09-12,0.5,Paid Media,42.5,True
71,Employee_71,147,Client_147,98.0,2024-09-12,1.0,Paid Media,85.0,True
72,Employee_72,147,Client_147,98.0,2024-09-12,4.23,Organic Social,338.40000000000003,True
72,Employee_72,147,Client_147,,2024-09-12,0.25,Organic Social,20.0,True
91,Employee_91,116,Client_116,67.0,2024-09-12,0.25,Paid Media,21.25,True
91,Employee_91,116,Client_116,67.0,2024-09-12,1.25,Paid Media,106.25,True
91,Employee_91,116,Client_116,67.0,2024-09-12,1.0,Paid Media,85.0,True
98,Employee_98,24,Client_24,24.0,2024-09-12,0.5,Paid Media,42.5,True
98,Employee_98,32,Client_32,32.0,2024-09-12,0.5,Paid Media,42.5,True
98,Employee_98,32,Client_32,32.0,2024-09-12,0.75,Paid Media,63.75,True
99,Employee_99,24,Client_24,24.0,2024-09-12,0.5,Paid Media,42.5,True
99,Employee_99,32,Client_32,32.0,2024-09-12,0.5,Paid Media,42.5,True
99,Employee_99,32,Client_32,,2024-09-12,0.75,Paid Media,63.75,True
108,Employee_108,102,Client_102,53.0,2024-09-11,0.5,Paid Content,37.5,True
109,Employee_109,121,Client_121,72.0,2024-09-11,0.25,Organic Social,20.0,True
133,Employee_133,4,Client_4,4.0,2024-09-11,1.77,Organic Social,141.6,True
133,Employee_133,77,Client_77,162.0,2024-09-11,1.53,Organic Social,122.4,True
133,Employee_133,77,Client_77,162.0,2024-09-11,2.37,Organic Social,189.6,True
14,Employee_14,178,Client_178,,2024-09-11,1.0,Paid Content,75.0,True
157,Employee_157,4,Client_4,4.0,2024-09-11,0.75,Organic Social,60.0,True
158,Employee_158,147,Client_147,98.0,2024-09-11,7.67,Organic Social,613.6,True
160,Employee_160,16,Client_16,16.0,2024-09-11,1.5,Paid Content,112.5,True
160,Employee_160,16,Client_16,16.0,2024-09-11,0.5,Paid Content,37.5,True
160,Employee_160,184,Client_184,135.0,2024-09-11,0.25,Paid Content,18.75,True
160,Employee_160,184,Client_184,135.0,2024-09-11,0.5,Paid Content,37.5,True
160,Employee_160,184,Client_184,,2024-09-11,0.25,Paid Content,18.75,True
169,Employee_169,147,Client_147,98.0,2024-09-11,3.0,Organic Social,240.0,True
17,Employee_17,147,Client_147,,2024-09-11,1.0,Organic Social,80.0,True
171,Employee_171,16,Client_16,16.0,2024-09-11,1.0,Paid Media,85.0,True
171,Employee_171,38,Client_38,38.0,2024-09-11,1.75,Paid Media,148.75,True
171,Employee_171,38,Client_38,,2024-09-11,0.42,Paid Media,35.699999999999996,True
171,Employee_171,38,Client_38,38.0,2024-09-11,1.0,Paid Media,85.0,True
172,Employee_172,116,Client_116,67.0,2024-09-11,0.75,Paid Content,56.25,True
172,Employee_172,116,Client_116,67.0,2024-09-11,0.75,Paid Content,56.25,True
175,Employee_175,77,Client_77,162.0,2024-09-11,0.5,Organic Social,40.0,True
175,Employee_175,77,Client_77,162.0,2024-09-11,1.5,Organic Social,120.0,True
175,Employee_175,77,Client_77,162.0,2024-09-11,0.5,Organic Social,40.0,True
175,Employee_175,77,Client_77,162.0,2024-09-11,1.25,Organic Social,100.0,True
175,Employee_175,125,Client_125,76.0,2024-09-11,2.0,Organic Social,160.0,True
175,Employee_175,153,Client_153,104.0,2024-09-11,0.5,Organic Social,40.0,True
175,Employee_175,153,Client_153,,2024-09-11,0.5,Organic Social,40.0,True
181,Employee_181,4,Client_4,4.0,2024-09-11,2.75,Organic Social,220.0,True
181,Employee_181,4,Client_4,4.0,2024-09-11,3.0,Organic Social,240.0,True
182,Employee_182,4,Client_4,4.0,2024-09-11,2.75,Organic Social,220.0,True
182,Employee_182,4,Client_4,,2024-09-11,3.0,Organic Social,240.0,True
186,Employee_186,147,Client_147,98.0,2024-09-11,1.0,Organic Social,80.0,True
191,Employee_191,116,Client_116,67.0,2024-09-11,5.5,Paid Content,412.5,True
196,Employee_196,175,Client_175,,2024-09-11,0.75,Paid Media,63.75,True
199,Employee_199,57,Client_57,142.0,2024-09-11,1.25,Paid Content,93.75,True
199,Employee_199,57,Client_57,142.0,2024-09-11,0.5,Paid Content,37.5,True
200,Employee_200,134,Client_134,85.0,2024-09-11,0.5,Paid Content,37.5,True
207,Employee_207,154,Client_154,105.0,2024-09-11,1.0,Paid Media,85.0,True
208,Employee_208,24,Client_24,24.0,2024-09-11,1.33,Organic Social,106.4,True
208,Employee_208,24,Client_24,24.0,2024-09-11,0.17,Organic Social,13.6,True
208,Employee_208,24,Client_24,24.0,2024-09-11,0.17,Organic Social,13.6,True
208,Employee_208,24,Client_24,24.0,2024-09-11,0.17,Organic Social,13.6,True
209,Employee_209,178,Client_178,129.0,2024-09-11,8.01,Paid Content,600.75,True
210,Employee_210,147,Client_147,98.0,2024-09-11,2.0,Organic Social,160.0,True
210,Employee_210,147,Client_147,98.0,2024-09-11,5.0,Organic Social,400.0,True
22,Employee_22,38,Client_38,,2024-09-11,0.5,Paid Content,37.5,True
22,Employee_22,38,Client_38,38.0,2024-09-11,0.5,Paid Content,37.5,True
223,Employee_223,116,Client_116,,2024-09-11,1.0,Paid Content,75.0,True
225,Employee_225,175,Client_175,126.0,2024-09-11,1.25,Paid Content,93.75,True
231,Employee_231,125,Client_125,76.0,2024-09-11,0.5,Organic Social,40.0,True
231,Employee_231,125,Client_125,76.0,2024-09-11,0.5,Organic Social,40.0,True
231,Employee_231,125,Client_125,76.0,2024-09-11,0.25,Organic Social,20.0,True
231,Employee_231,125,Client_125,76.0,2024-09-11,2.5,Organic Social,200.0,True
231,Employee_231,125,Client_125,76.0,2024-09-11,0.25,Organic Social,20.0,True
231,Employee_231,125,Client_125,76.0,2024-09-11,0.25,Organic Social,20.0,True
249,Employee_249,57,Client_57,142.0,2024-09-11,1.5,Paid Content,112.5,True
254,Employee_254,116,Client_116,67.0,2024-09-11,0.75,Paid Content,56.25,True
254,Employee_254,116,Client_116,67.0,2024-09-11,0.5,Paid Content,37.5,True
254,Employee_254,116,Client_116,,2024-09-11,0.75,Paid Content,56.25,True
254,Employee_254,116,Client_116,,2024-09-11,0.25,Paid Content,18.75,True
254,Employee_254,116,Client_116,67.0,2024-09-11,0.5,Paid Content,37.5,True
254,Employee_254,116,Client_116,67.0,2024-09-11,0.75,Paid Content,56.25,True
254,Employee_254,116,Client_116,67.0,2024-09-11,1.75,Paid Content,131.25,True
254,Employee_254,116,Client_116,67.0,2024-09-11,0.25,Paid Content,18.75,True
258,Employee_258,116,Client_116,67.0,2024-09-11,2.5,Organic Social,200.0,True
26,Employee_26,57,Client_57,142.0,2024-09-11,0.5,Paid Content,37.5,True
261,Employee_261,25,Client_25,,2024-09-11,0.4,Paid Media,34.0,True
261,Employee_261,25,Client_25,25.0,2024-09-11,0.17,Paid Media,14.45,True
262,Employee_262,32,Client_32,32.0,2024-09-11,0.5,Paid Content,37.5,True
262,Employee_262,32,Client_32,32.0,2024-09-11,0.75,Paid Content,56.25,True
262,Employee_262,147,Client_147,,2024-09-11,0.5,Paid Content,37.5,True
262,Employee_262,175,Client_175,,2024-09-11,4.0,Paid Content,300.0,True
262,Employee_262,175,Client_175,126.0,2024-09-11,1.0,Paid Content,75.0,True
263,Employee_263,32,Client_32,32.0,2024-09-11,0.5,Paid Content,37.5,True
263,Employee_263,32,Client_32,,2024-09-11,0.75,Paid Content,56.25,True
263,Employee_263,147,Client_147,98.0,2024-09-11,0.5,Paid Content,37.5,True
263,Employee_263,175,Client_175,126.0,2024-09-11,4.0,Paid Content,300.0,True
263,Employee_263,175,Client_175,126.0,2024-09-11,1.0,Paid Content,75.0,True
27,Employee_27,102,Client_102,53.0,2024-09-11,0.5,Paid Media,42.5,True
27,Employee_27,130,Client_130,81.0,2024-09-11,0.75,Paid Media,63.75,True
27,Employee_27,179,Client_179,130.0,2024-09-11,1.0,Paid Media,85.0,True
28,Employee_28,73,Client_73,158.0,2024-09-11,1.0,Paid Media,85.0,True
29,Employee_29,26,Client_26,26.0,2024-09-11,0.5,Paid Media,42.5,True
29,Employee_29,57,Client_57,142.0,2024-09-11,4.5,Paid Media,382.5,True
29,Employee_29,57,Client_57,142.0,2024-09-11,0.5,Paid Media,42.5,True
29,Employee_29,87,Client_87,172.0,2024-09-11,1.0,Paid Media,85.0,True
297,Employee_297,4,Client_4,4.0,2024-09-11,0.75,Organic Social,60.0,True
299,Employee_299,117,Client_117,68.0,2024-09-11,1.0,Paid Content,75.0,True
307,Employee_307,57,Client_57,142.0,2024-09-11,3.0,Paid Media,255.0,True
307,Employee_307,87,Client_87,,2024-09-11,0.5,Paid Media,42.5,True
307,Employee_307,117,Client_117,68.0,2024-09-11,0.5,Paid Media,42.5,True
308,Employee_308,57,Client_57,142.0,2024-09-11,3.0,Paid Media,255.0,True
308,Employee_308,87,Client_87,172.0,2024-09-11,0.5,Paid Media,42.5,True
308,Employee_308,117,Client_117,,2024-09-11,0.5,Paid Media,42.5,True
311,Employee_311,142,Client_142,93.0,2024-09-11,0.5,Organic Social,40.0,True
311,Employee_311,142,Client_142,93.0,2024-09-11,0.75,Organic Social,60.0,True
311,Employee_311,142,Client_142,93.0,2024-09-11,0.25,Organic Social,20.0,True
311,Employee_311,142,Client_142,93.0,2024-09-11,0.25,Organic Social,20.0,True
311,Employee_311,142,Client_142,,2024-09-11,0.5,Organic Social,40.0,True
311,Employee_311,153,Client_153,104.0,2024-09-11,0.3,Organic Social,24.0,True
311,Employee_311,153,Client_153,104.0,2024-09-11,0.5,Organic Social,40.0,True
311,Employee_311,153,Client_153,104.0,2024-09-11,2.42,Organic Social,193.6,True
311,Employee_311,153,Client_153,104.0,2024-09-11,0.25,Organic Social,20.0,True
35,Employee_35,57,Client_57,,2024-09-11,0.25,Paid Media,21.25,True
35,Employee_35,57,Client_57,142.0,2024-09-11,1.67,Paid Media,141.95,True
35,Employee_35,57,Client_57,142.0,2024-09-11,0.5,Paid Media,42.5,True
35,Employee_35,57,Client_57,,2024-09-11,0.75,Paid Media,63.75,True
46,Employee_46,130,Client_130,81.0,2024-09-11,0.25,Paid Content,18.75,True
53,Employee_53,4,Client_4,4.0,2024-09-11,0.5,Paid Content,37.5,True
53,Employee_53,130,Client_130,81.0,2024-09-11,1.25,Paid Content,93.75,True
58,Employee_58,16,Client_16,16.0,2024-09-11,2.0,Paid Media,170.0,True
58,Employee_58,16,Client_16,16.0,2024-09-11,0.75,Paid Media,63.75,True
58,Employee_58,38,Client_38,38.0,2024-09-11,0.25,Paid Media,21.25,True
58,Employee_58,147,Client_147,98.0,2024-09-11,0.25,Paid Media,21.25,True
59,Employee_59,16,Client_16,16.0,2024-09-11,2.0,Paid Media,170.0,True
59,Employee_59,16,Client_16,16.0,2024-09-11,0.75,Paid Media,63.75,True
59,Employee_59,38,Client_38,38.0,2024-09-11,0.25,Paid Media,21.25,True
59,Employee_59,147,Client_147,98.0,2024-09-11,0.25,Paid Media,21.25,True
71,Employee_71,134,Client_134,85.0,2024-09-11,2.0,Paid Media,170.0,True
71,Employee_71,147,Client_147,98.0,2024-09-11,1.25,Paid Media,106.25,True
72,Employee_72,77,Client_77,162.0,2024-09-11,0.25,Organic Social,20.0,True
72,Employee_72,147,Client_147,98.0,2024-09-11,3.57,Organic Social,285.59999999999997,True
72,Employee_72,147,Client_147,98.0,2024-09-11,0.25,Organic Social,20.0,True
72,Employee_72,147,Client_147,98.0,2024-09-11,0.25,Organic Social,20.0,True
72,Employee_72,153,Client_153,104.0,2024-09-11,2.25,Organic Social,180.0,True
79,Employee_79,27,Client_27,27.0,2024-09-11,1.0,Paid Content,75.0,True
91,Employee_91,116,Client_116,67.0,2024-09-11,1.5,Paid Media,127.5,True
91,Employee_91,116,Client_116,67.0,2024-09-11,0.5,Paid Media,42.5,True
91,Employee_91,116,Client_116,67.0,2024-09-11,0.5,Paid Media,42.5,True
91,Employee_91,116,Client_116,67.0,2024-09-11,0.75,Paid Media,63.75,True
93,Employee_93,77,Client_77,162.0,2024-09-11,1.0,Organic Social,80.0,True
93,Employee_93,125,Client_125,76.0,2024-09-11,2.5,Organic Social,200.0,True
93,Employee_93,153,Client_153,104.0,2024-09-11,1.5,Organic Social,120.0,True
95,Employee_95,24,Client_24,24.0,2024-09-11,3.5,Paid Content,262.5,True
98,Employee_98,24,Client_24,24.0,2024-09-11,0.25,Paid Media,21.25,True
98,Employee_98,142,Client_142,93.0,2024-09-11,0.25,Paid Media,21.25,True
98,Employee_98,142,Client_142,,2024-09-11,0.25,Paid Media,21.25,True
98,Employee_98,32,Client_32,,2024-09-11,0.25,Paid Media,21.25,True
98,Employee_98,32,Client_32,,2024-09-11,0.75,Paid Media,63.75,True
98,Employee_98,32,Client_32,32.0,2024-09-11,0.25,Paid Media,21.25,True
99,Employee_99,24,Client_24,,2024-09-11,0.25,Paid Media,21.25,True
99,Employee_99,142,Client_142,93.0,2024-09-11,0.25,Paid Media,21.25,True
99,Employee_99,142,Client_142,93.0,2024-09-11,0.25,Paid Media,21.25,True
99,Employee_99,32,Client_32,32.0,2024-09-11,0.25,Paid Media,21.25,True
99,Employee_99,32,Client_32,32.0,2024-09-11,0.75,Paid Media,63.75,True
99,Employee_99,32,Client_32,32.0,2024-09-11,0.25,Paid Media,21.25,True
103,Employee_103,147,Client_147,98.0,2024-09-10,0.5,Organic Social,40.0,True
108,Employee_108,39,Client_39,39.0,2024-09-10,1.0,Paid Content,75.0,True
108,Employee_108,39,Client_39,39.0,2024-09-10,0.5,Paid Content,37.5,True
108,Employee_108,102,Client_102,53.0,2024-09-10,2.0,Paid Content,150.0,True
108,Employee_108,102,Client_102,53.0,2024-09-10,1.0,Paid Content,75.0,True
110,Employee_110,4,Client_4,4.0,2024-09-10,1.5,Paid Media,127.5,True
110,Employee_110,4,Client_4,4.0,2024-09-10,1.5,Paid Media,127.5,True
133,Employee_133,4,Client_4,,2024-09-10,2.26,Organic Social,180.8,True
133,Employee_133,4,Client_4,4.0,2024-09-10,0.31,Organic Social,24.8,True
133,Employee_133,77,Client_77,162.0,2024-09-10,0.49,Organic Social,39.2,True
133,Employee_133,77,Client_77,162.0,2024-09-10,0.57,Organic Social,45.599999999999994,True
14,Employee_14,27,Client_27,27.0,2024-09-10,0.25,Paid Content,18.75,True
14,Employee_14,27,Client_27,27.0,2024-09-10,0.75,Paid Content,56.25,True
14,Employee_14,39,Client_39,39.0,2024-09-10,0.5,Paid Content,37.5,True
14,Employee_14,39,Client_39,39.0,2024-09-10,0.5,Paid Content,37.5,True
14,Employee_14,178,Client_178,,2024-09-10,0.5,Paid Content,37.5,True
14,Employee_14,178,Client_178,129.0,2024-09-10,0.5,Paid Content,37.5,True
151,Employee_151,77,Client_77,162.0,2024-09-10,0.5,Organic Social,40.0,True
151,Employee_151,77,Client_77,162.0,2024-09-10,1.25,Organic Social,100.0,True
151,Employee_151,147,Client_147,98.0,2024-09-10,0.5,Organic Social,40.0,True
151,Employee_151,147,Client_147,,2024-09-10,2.5,Organic Social,200.0,True
151,Employee_151,153,Client_153,104.0,2024-09-10,0.5,Organic Social,40.0,True
157,Employee_157,4,Client_4,4.0,2024-09-10,0.75,Organic Social,60.0,True
157,Employee_157,4,Client_4,4.0,2024-09-10,0.75,Organic Social,60.0,True
157,Employee_157,4,Client_4,4.0,2024-09-10,0.25,Organic Social,20.0,True
157,Employee_157,4,Client_4,4.0,2024-09-10,1.0,Organic Social,80.0,True
160,Employee_160,16,Client_16,16.0,2024-09-10,0.75,Paid Content,56.25,True
160,Employee_160,16,Client_16,16.0,2024-09-10,0.25,Paid Content,18.75,True
160,Employee_160,26,Client_26,26.0,2024-09-10,0.5,Paid Content,37.5,True
160,Employee_160,26,Client_26,,2024-09-10,0.25,Paid Content,18.75,True
160,Employee_160,26,Client_26,26.0,2024-09-10,0.5,Paid Content,37.5,True
160,Employee_160,126,Client_126,77.0,2024-09-10,0.25,Paid Content,18.75,True
160,Employee_160,184,Client_184,135.0,2024-09-10,0.5,Paid Content,37.5,True
160,Employee_160,184,Client_184,,2024-09-10,0.25,Paid Content,18.75,True
160,Employee_160,184,Client_184,135.0,2024-09-10,0.75,Paid Content,56.25,True
169,Employee_169,147,Client_147,98.0,2024-09-10,0.5,Organic Social,40.0,True
169,Employee_169,147,Client_147,98.0,2024-09-10,2.5,Organic Social,200.0,True
169,Employee_169,147,Client_147,98.0,2024-09-10,0.5,Organic Social,40.0,True
17,Employee_17,147,Client_147,98.0,2024-09-10,1.0,Organic Social,80.0,True
171,Employee_171,16,Client_16,16.0,2024-09-10,0.75,Paid Media,63.75,True
171,Employee_171,147,Client_147,98.0,2024-09-10,4.67,Paid Media,396.95,True
172,Employee_172,116,Client_116,,2024-09-10,2.0,Paid Content,150.0,True
173,Employee_173,142,Client_142,93.0,2024-09-10,0.75,Paid Content,56.25,True
173,Employee_173,142,Client_142,93.0,2024-09-10,0.75,Paid Content,56.25,True
175,Employee_175,77,Client_77,162.0,2024-09-10,0.75,Organic Social,60.0,True
175,Employee_175,77,Client_77,162.0,2024-09-10,0.5,Organic Social,40.0,True
175,Employee_175,77,Client_77,162.0,2024-09-10,0.5,Organic Social,40.0,True
175,Employee_175,77,Client_77,162.0,2024-09-10,0.75,Organic Social,60.0,True
175,Employee_175,77,Client_77,,2024-09-10,1.5,Organic Social,120.0,True
175,Employee_175,125,Client_125,76.0,2024-09-10,0.25,Organic Social,20.0,True
175,Employee_175,125,Client_125,76.0,2024-09-10,0.5,Organic Social,40.0,True
175,Employee_175,153,Client_153,104.0,2024-09-10,0.5,Organic Social,40.0,True
181,Employee_181,4,Client_4,4.0,2024-09-10,0.5,Organic Social,40.0,True
181,Employee_181,4,Client_4,,2024-09-10,0.75,Organic Social,60.0,True
181,Employee_181,4,Client_4,4.0,2024-09-10,0.5,Organic Social,40.0,True
181,Employee_181,4,Client_4,4.0,2024-09-10,1.0,Organic Social,80.0,True
182,Employee_182,4,Client_4,,2024-09-10,0.5,Organic Social,40.0,True
182,Employee_182,4,Client_4,4.0,2024-09-10,0.75,Organic Social,60.0,True
182,Employee_182,4,Client_4,4.0,2024-09-10,0.5,Organic Social,40.0,True
182,Employee_182,4,Client_4,4.0,2024-09-10,1.0,Organic Social,80.0,True
186,Employee_186,147,Client_147,98.0,2024-09-10,0.5,Organic Social,40.0,True
186,Employee_186,147,Client_147,98.0,2024-09-10,1.0,Organic Social,80.0,True
191,Employee_191,116,Client_116,67.0,2024-09-10,4.0,Paid Content,300.0,True
191,Employee_191,184,Client_184,135.0,2024-09-10,4.0,Paid Content,300.0,True
196,Employee_196,175,Client_175,126.0,2024-09-10,0.5,Paid Media,42.5,True
196,Employee_196,175,Client_175,126.0,2024-09-10,0.5,Paid Media,42.5,True
196,Employee_196,175,Client_175,126.0,2024-09-10,0.5,Paid Media,42.5,True
199,Employee_199,57,Client_57,142.0,2024-09-10,2.67,Paid Content,200.25,True
200,Employee_200,134,Client_134,85.0,2024-09-10,3.5,Paid Content,262.5,True
204,Employee_204,77,Client_77,162.0,2024-09-10,2.5,Production,200.0,True
207,Employee_207,154,Client_154,105.0,2024-09-10,1.0,Paid Media,85.0,True
208,Employee_208,24,Client_24,24.0,2024-09-10,0.33,Organic Social,26.4,True
208,Employee_208,24,Client_24,,2024-09-10,0.33,Organic Social,26.4,True
208,Employee_208,24,Client_24,,2024-09-10,0.5,Organic Social,40.0,True
208,Employee_208,24,Client_24,24.0,2024-09-10,0.17,Organic Social,13.6,True
210,Employee_210,147,Client_147,98.0,2024-09-10,4.5,Organic Social,360.0,True
211,Employee_211,4,Client_4,4.0,2024-09-10,1.83,Paid Media,155.55,True
22,Employee_22,38,Client_38,38.0,2024-09-10,0.5,Paid Content,37.5,True
22,Employee_22,38,Client_38,38.0,2024-09-10,0.5,Paid Content,37.5,True
223,Employee_223,116,Client_116,,2024-09-10,1.25,Paid Media,106.25,True
223,Employee_223,116,Client_116,67.0,2024-09-10,1.25,Paid Media,106.25,True
224,Employee_224,116,Client_116,67.0,2024-09-10,0.25,Production,20.0,True
225,Employee_225,175,Client_175,126.0,2024-09-10,0.5,Paid Content,37.5,True
225,Employee_225,175,Client_175,126.0,2024-09-10,0.25,Paid Content,18.75,True
225,Employee_225,175,Client_175,126.0,2024-09-10,0.5,Paid Content,37.5,True
225,Employee_225,175,Client_175,126.0,2024-09-10,0.75,Paid Content,56.25,True
231,Employee_231,125,Client_125,76.0,2024-09-10,1.25,Organic Social,100.0,True
231,Employee_231,125,Client_125,76.0,2024-09-10,1.0,Organic Social,80.0,True
231,Employee_231,125,Client_125,76.0,2024-09-10,2.5,Organic Social,200.0,True
249,Employee_249,57,Client_57,142.0,2024-09-10,1.33,Paid Content,99.75,True
254,Employee_254,116,Client_116,67.0,2024-09-10,0.75,Paid Content,56.25,True
254,Employee_254,116,Client_116,67.0,2024-09-10,0.25,Paid Content,18.75,True
254,Employee_254,116,Client_116,67.0,2024-09-10,0.5,Paid Content,37.5,True
254,Employee_254,116,Client_116,67.0,2024-09-10,0.5,Paid Content,37.5,True
254,Employee_254,116,Client_116,67.0,2024-09-10,0.25,Paid Content,18.75,True
254,Employee_254,116,Client_116,67.0,2024-09-10,0.5,Paid Content,37.5,True
254,Employee_254,116,Client_116,67.0,2024-09-10,0.5,Paid Content,37.5,True
254,Employee_254,154,Client_154,105.0,2024-09-10,0.5,Paid Content,37.5,True
254,Employee_254,154,Client_154,105.0,2024-09-10,0.25,Paid Content,18.75,True
254,Employee_254,154,Client_154,105.0,2024-09-10,0.75,Paid Content,56.25,True
254,Employee_254,154,Client_154,105.0,2024-09-10,0.5,Paid Content,37.5,True
254,Employee_254,184,Client_184,135.0,2024-09-10,0.25,Paid Content,18.75,True
258,Employee_258,116,Client_116,67.0,2024-09-10,1.5,Organic Social,120.0,True
26,Employee_26,4,Client_4,4.0,2024-09-10,1.0,Paid Content,75.0,True
261,Employee_261,25,Client_25,25.0,2024-09-10,0.26,Paid Media,22.1,True
261,Employee_261,25,Client_25,25.0,2024-09-10,0.17,Paid Media,14.45,True
261,Employee_261,25,Client_25,25.0,2024-09-10,0.34,Paid Media,28.9,True
261,Employee_261,25,Client_25,25.0,2024-09-10,1.0,Paid Media,85.0,True
261,Employee_261,25,Client_25,25.0,2024-09-10,1.17,Paid Media,99.45,True
262,Employee_262,57,Client_57,142.0,2024-09-10,5.5,Paid Content,412.5,True
262,Employee_262,175,Client_175,126.0,2024-09-10,0.5,Paid Content,37.5,True
263,Employee_263,57,Client_57,142.0,2024-09-10,5.5,Paid Content,412.5,True
263,Employee_263,175,Client_175,126.0,2024-09-10,0.5,Paid Content,37.5,True
27,Employee_27,102,Client_102,,2024-09-10,1.0,Paid Media,85.0,True
27,Employee_27,102,Client_102,53.0,2024-09-10,0.75,Paid Media,63.75,True
27,Employee_27,130,Client_130,81.0,2024-09-10,0.5,Paid Media,42.5,True
27,Employee_27,130,Client_130,81.0,2024-09-10,0.25,Paid Media,21.25,True
27,Employee_27,130,Client_130,81.0,2024-09-10,0.25,Paid Media,21.25,True
27,Employee_27,179,Client_179,130.0,2024-09-10,1.0,Paid Media,85.0,True
27,Employee_27,179,Client_179,130.0,2024-09-10,2.0,Paid Media,170.0,True
29,Employee_29,26,Client_26,,2024-09-10,2.5,Paid Media,212.5,True
29,Employee_29,57,Client_57,142.0,2024-09-10,1.0,Paid Media,85.0,True
29,Employee_29,57,Client_57,142.0,2024-09-10,1.0,Paid Media,85.0,True
29,Employee_29,87,Client_87,172.0,2024-09-10,0.5,Paid Media,42.5,True
29,Employee_29,87,Client_87,172.0,2024-09-10,1.0,Paid Media,85.0,True
297,Employee_297,147,Client_147,98.0,2024-09-10,1.25,Organic Social,100.0,True
299,Employee_299,26,Client_26,26.0,2024-09-10,0.5,Paid Content,37.5,True
299,Employee_299,26,Client_26,26.0,2024-09-10,0.25,Paid Content,18.75,True
299,Employee_299,26,Client_26,26.0,2024-09-10,0.5,Paid Content,37.5,True
299,Employee_299,117,Client_117,68.0,2024-09-10,1.0,Paid Content,75.0,True
311,Employee_311,142,Client_142,,2024-09-10,0.83,Organic Social,66.39999999999999,True
311,Employee_311,142,Client_142,93.0,2024-09-10,1.75,Organic Social,140.0,True
311,Employee_311,142,Client_142,93.0,2024-09-10,0.5,Organic Social,40.0,True
311,Employee_311,142,Client_142,93.0,2024-09-10,0.5,Organic Social,40.0,True
311,Employee_311,142,Client_142,93.0,2024-09-10,1.0,Organic Social,80.0,True
311,Employee_311,153,Client_153,104.0,2024-09-10,1.17,Organic Social,93.6,True
311,Employee_311,153,Client_153,,2024-09-10,0.33,Organic Social,26.4,True
34,Employee_34,147,Client_147,98.0,2024-09-10,0.5,Organic Social,40.0,True
35,Employee_35,57,Client_57,142.0,2024-09-10,1.0,Paid Media,85.0,True
35,Employee_35,57,Client_57,142.0,2024-09-10,0.42,Paid Media,35.699999999999996,True
46,Employee_46,130,Client_130,,2024-09-10,0.5,Paid Content,37.5,True
53,Employee_53,4,Client_4,4.0,2024-09-10,0.5,Paid Content,37.5,True
53,Employee_53,130,Client_130,81.0,2024-09-10,0.5,Paid Content,37.5,True
53,Employee_53,130,Client_130,81.0,2024-09-10,5.25,Paid Content,393.75,True
58,Employee_58,16,Client_16,,2024-09-10,0.33,Paid Media,28.05,True
58,Employee_58,16,Client_16,16.0,2024-09-10,0.42,Paid Media,35.699999999999996,True
58,Employee_58,16,Client_16,16.0,2024-09-10,0.5,Paid Media,42.5,True
58,Employee_58,38,Client_38,38.0,2024-09-10,0.25,Paid Media,21.25,True
58,Employee_58,147,Client_147,,2024-09-10,0.25,Paid Media,21.25,True
58,Employee_58,147,Client_147,,2024-09-10,0.25,Paid Media,21.25,True
59,Employee_59,16,Client_16,16.0,2024-09-10,0.33,Paid Media,28.05,True
59,Employee_59,16,Client_16,16.0,2024-09-10,0.42,Paid Media,35.699999999999996,True
59,Employee_59,16,Client_16,,2024-09-10,0.5,Paid Media,42.5,True
59,Employee_59,38,Client_38,38.0,2024-09-10,0.25,Paid Media,21.25,True
59,Employee_59,147,Client_147,98.0,2024-09-10,0.25,Paid Media,21.25,True
59,Employee_59,147,Client_147,98.0,2024-09-10,0.25,Paid Media,21.25,True
71,Employee_71,27,Client_27,,2024-09-10,0.5,Paid Media,42.5,True
71,Employee_71,134,Client_134,85.0,2024-09-10,0.5,Paid Media,42.5,True
71,Employee_71,147,Client_147,,2024-09-10,2.5,Paid Media,212.5,True
72,Employee_72,77,Client_77,162.0,2024-09-10,1.75,Organic Social,140.0,True
72,Employee_72,147,Client_147,,2024-09-10,0.5,Organic Social,40.0,True
72,Employee_72,147,Client_147,98.0,2024-09-10,0.5,Organic Social,40.0,True
72,Employee_72,147,Client_147,98.0,2024-09-10,0.5,Organic Social,40.0,True
72,Employee_72,153,Client_153,104.0,2024-09-10,2.5,Organic Social,200.0,True
79,Employee_79,27,Client_27,27.0,2024-09-10,1.0,Paid Content,75.0,True
91,Employee_91,116,Client_116,67.0,2024-09-10,0.5,Paid Media,42.5,True
